1,wanita
2,-
3,wanita
4,-
5,-
6,-
7,-
8,-
9,-
10,wanita
11,-
12,-
13,-
14,-
15,wanita
16,-
17,-
18,-
19,wanita
20,-
21,-
22,-
23,-
24,-
25,wanita
26,-
27,-
28,-
29,-
30,-
31,wanita
32,-
33,-
34,-
35,-
36,-
37,-
38,wanita
39,wanita
40,-
41,-
42,-
43,wanita
44,wanita
45,wanita
46,-
47,-
48,-
49,wanita
50,-
51,wanita
52,-
53,-
54,wanita
55,wanita
56,-
57,wanita
58,-
59,-
60,wanita
61,-
62,wanita
63,-
64,-
65,-
66,wanita
67,-
68,-
69,wanita
70,-
71,-
72,wanita
73,wanita
74,wanita
75,-
76,wanita
77,wanita
78,wanita
79,-
80,wanita
81,-
82,wanita
83,-
84,-
85,-
86,-
87,-
88,-
89,wanita
90,wanita
91,wanita
92,-
93,wanita
94,wanita
95,-
96,wanita
97,wanita
98,-
99,-
100,wanita
101,wanita
102,-
103,-
104,-
105,-
106,-
107,-
108,-
109,-
110,wanita
111,wanita
112,-
113,-
114,-
115,wanita
116,wanita
117,-
118,-
119,wanita
120,-
121,wanita
122,-
123,-
124,-
125,-
126,-
127,wanita
128,wanita
129,-
130,-
131,-
132,-
133,-
134,-
135,wanita
136,-
137,-
138,wanita
139,-
140,-
141,wanita
142,-
143,wanita
144,-
145,-
146,-
147,wanita
148,-
149,-
150,wanita
151,-
152,wanita
153,wanita
154,-
155,wanita
156,-
157,wanita
158,wanita
159,wanita
160,wanita
161,wanita
162,-
163,wanita
164,-
165,wanita
166,-
167,-
168,wanita
169,-
170,-
171,wanita
172,-
173,wanita
174,wanita
175,wanita
176,-
177,-
178,-
179,-
180,wanita
181,-
182,wanita
183,wanita
184,wanita
185,-
186,wanita
187,wanita
188,-
189,wanita
190,wanita
191,wanita
192,wanita
193,wanita
194,-
195,wanita
196,wanita
197,-
198,-
199,wanita
200,-
201,-
202,-
203,wanita
204,-
205,wanita
206,wanita
207,-
208,wanita
209,wanita
210,wanita
211,-
212,wanita
213,wanita
214,-
215,wanita
216,-
217,wanita
218,wanita
219,wanita
220,-
221,-
222,-
223,-
224,-
225,-
226,wanita
227,-
228,-
229,wanita
230,-
231,wanita
232,wanita
233,-
234,-
235,wanita
236,wanita
237,-
238,-
239,-
240,wanita
241,wanita
242,wanita
243,-
244,wanita
245,wanita
246,-
247,-
248,-
249,wanita
250,wanita
251,wanita
252,-
253,-
254,wanita
255,-
256,-
257,wanita
258,wanita
259,-
260,wanita
261,wanita
262,wanita
263,wanita
264,wanita
265,-
266,wanita
267,wanita
268,wanita
269,wanita
270,wanita
271,-
272,-
273,-
274,-
275,wanita
276,wanita
277,-
278,-
279,-
280,-
281,-
282,wanita
283,wanita
284,-
285,-
286,-
287,wanita
288,-
289,-
290,-
291,-
292,-
293,wanita
294,wanita
295,wanita
296,wanita
297,wanita
298,wanita
299,wanita
300,-
301,-
302,-
303,-
304,wanita
305,-
306,-
307,-
308,wanita
309,-
310,-
311,wanita
312,wanita
313,wanita
314,-
315,wanita
316,-
317,wanita
318,wanita
319,-
320,-
321,wanita
322,wanita
323,wanita
324,wanita
325,wanita
326,-
327,-
328,wanita
329,-
330,-
331,-
332,-
333,wanita
334,wanita
335,-
336,-
337,wanita
338,wanita
339,-
340,-
341,-
342,-
343,-
344,-
345,-
346,wanita
347,-
348,-
349,-
350,wanita
351,wanita
352,wanita
353,-
354,wanita
355,-
356,-
357,-
358,-
359,-
360,-
361,-
362,wanita
363,wanita
364,-
365,-
366,wanita
367,wanita
368,wanita
369,wanita
370,-
371,wanita
372,wanita
373,-
374,-
375,wanita
376,wanita
377,-
378,wanita
379,-
380,-
381,wanita
382,-
383,wanita
384,-
385,wanita
386,-
387,wanita
388,-
389,-
390,wanita
391,-
392,wanita
393,wanita
394,-
395,-
396,-
397,wanita
398,wanita
399,wanita
400,wanita
401,wanita
402,-
403,-
404,-
405,-
406,-
407,-
408,wanita
409,-
410,-
411,-
412,-
413,wanita
414,-
415,-
416,-
417,wanita
418,-
419,wanita
420,wanita
421,-
422,-
423,-
424,-
425,-
426,-
427,-
428,-
429,-
430,-
431,-
432,-
433,wanita
434,wanita
435,-
436,wanita
437,wanita
438,-
439,-
440,-
441,-
442,wanita
443,-
444,-
445,-
446,wanita
447,-
448,-
449,-
450,-
451,wanita
452,-
453,wanita
454,-
455,wanita
456,wanita
457,wanita
458,-
459,-
460,-
461,-
462,-
463,-
464,-
465,wanita
466,wanita
467,-
468,wanita
469,-
470,-
471,wanita
472,pria
473,pria
474,wanita
475,wanita
476,pria
477,pria
478,pria
479,pria
480,pria
481,pria
482,pria
483,wanita
484,pria
485,pria
486,wanita
487,pria
488,pria
489,wanita
490,pria
491,pria
492,wanita
493,wanita
494,wanita
495,wanita
496,pria
497,wanita
498,wanita
499,wanita
500,pria
501,pria
502,wanita
503,pria
504,pria
505,pria
506,pria
507,wanita
508,pria
509,pria
510,pria
511,pria
512,pria
513,wanita
514,pria
515,pria
516,pria
517,wanita
518,pria
519,pria
520,wanita
521,pria
522,wanita
523,pria
524,pria
525,pria
526,pria
527,pria
528,pria
529,pria
530,pria
531,wanita
532,pria
533,pria
534,wanita
535,pria
536,pria
537,pria
538,wanita
539,wanita
540,pria
541,pria
542,pria
543,pria
544,pria
545,pria
546,wanita
547,wanita
548,wanita
549,wanita
550,pria
551,pria
552,pria
553,pria
554,pria
555,pria
556,wanita
557,wanita
558,pria
559,pria
560,pria
561,pria
562,pria
563,wanita
564,wanita
565,pria
566,pria
567,pria
568,pria
569,pria
570,pria
571,pria
572,pria
573,pria
574,pria
575,wanita
576,pria
577,pria
578,pria
579,pria
580,wanita
581,pria
582,pria
583,pria
584,pria
585,wanita
586,pria
587,wanita
588,pria
589,pria
590,wanita
591,wanita
592,pria
593,wanita
594,pria
595,pria
596,pria
597,pria
598,pria
599,wanita
600,pria
601,pria
602,wanita
603,pria
604,pria
605,pria
606,pria
607,pria
608,pria
609,pria
610,pria
611,pria
612,pria
613,pria
614,pria
615,pria
616,pria
617,pria
618,wanita
619,wanita
620,pria
621,pria
622,wanita
623,pria
624,pria
625,pria
626,pria
627,pria
628,pria
629,pria
630,pria
631,wanita
632,pria
633,pria
634,pria
635,pria
636,wanita
637,wanita
638,wanita
639,pria
640,pria
641,pria
642,pria
643,pria
644,pria
645,pria
646,pria
647,pria
648,pria
649,pria
650,wanita
651,pria
652,pria
653,wanita
654,pria
655,pria
656,pria
657,pria
658,pria
659,wanita
660,pria
661,wanita
662,pria
663,wanita
664,pria
665,pria
666,pria
667,wanita
668,pria
669,pria
670,pria
671,pria
672,pria
673,wanita
674,pria
675,wanita
676,pria
677,pria
678,pria
679,pria
680,wanita
681,pria
682,pria
683,pria
684,pria
685,wanita
686,pria
687,wanita
688,wanita
689,pria
690,pria
691,pria
692,pria
693,pria
694,pria
695,pria
696,pria
697,pria
698,pria
699,pria
700,pria
701,wanita
702,pria
703,pria
704,pria
705,pria
706,wanita
707,pria
708,pria
709,pria
710,wanita
711,pria
712,wanita
713,pria
714,wanita
715,wanita
716,wanita
717,pria
718,pria
719,pria
720,wanita
721,wanita
722,pria
723,pria
724,pria
725,wanita
726,wanita
727,pria
728,wanita
729,wanita
730,wanita
731,pria
732,pria
733,wanita
734,wanita
735,wanita
736,wanita
737,pria
738,pria
739,pria
740,pria
741,pria
742,wanita
743,wanita
744,wanita
745,wanita
746,pria
747,wanita
748,pria
749,pria
750,pria
751,pria
752,pria
753,pria
754,pria
755,pria
756,pria
757,wanita
758,wanita
759,wanita
760,pria
761,wanita
762,pria
763,pria
764,pria
765,pria
766,pria
767,pria
768,pria
769,pria
770,pria
771,pria
772,wanita
773,pria
774,pria
775,pria
776,pria
777,pria
778,pria
779,pria
780,wanita
781,wanita
782,pria
783,pria
784,pria
785,pria
786,pria
787,pria
788,pria
789,pria
790,pria
791,pria
792,wanita
793,pria
794,wanita
795,pria
796,pria
797,pria
798,pria
799,pria
800,pria
801,pria
802,pria
803,pria
804,wanita
805,wanita
806,pria
807,pria
808,pria
809,pria
810,pria
811,pria
812,wanita
813,wanita
814,wanita
815,wanita
816,wanita
817,wanita
818,wanita
819,wanita
820,pria
821,pria
822,wanita
823,pria
824,wanita
825,pria
826,wanita
827,pria
828,wanita
829,pria
830,wanita
831,wanita
832,pria
833,pria
834,pria
835,wanita
836,wanita
837,wanita
838,pria
839,wanita
840,wanita
841,wanita
842,wanita
843,wanita
844,wanita
845,pria
846,wanita
847,pria
848,wanita
849,pria
850,wanita
851,wanita
852,wanita
853,wanita
854,wanita
855,pria
856,pria
857,pria
858,pria
859,pria
860,pria
861,pria
862,pria
863,pria
864,pria
865,wanita
866,wanita
867,wanita
868,pria
869,wanita
870,pria
871,wanita
872,wanita
873,pria
874,pria
875,wanita
876,wanita
877,pria
878,-
879,-
880,-
881,-
882,-
883,-
884,-
885,-
886,wanita
887,-
888,-
889,-
890,-
891,-
892,wanita
893,pria
894,wanita
895,pria
896,pria
897,wanita
898,wanita
899,wanita
900,wanita
901,pria
902,pria
903,pria
904,wanita
905,wanita
906,wanita
907,pria
908,pria
909,wanita
910,pria
911,wanita
912,pria
913,wanita
914,pria
915,wanita
916,pria
917,wanita
918,wanita
919,pria
920,pria
921,pria
922,pria
923,wanita
924,wanita
925,pria
926,pria
927,wanita
928,pria
929,wanita
930,pria
931,wanita
932,wanita
933,pria
934,wanita
935,pria
936,wanita
937,pria
938,pria
939,pria
940,wanita
941,pria
942,wanita
943,wanita
944,pria
945,wanita
946,pria
947,pria
948,pria
949,wanita
950,wanita
951,pria
952,pria
953,pria
954,pria
955,pria
956,pria
957,pria
958,pria
959,wanita
960,pria
961,pria
962,pria
963,pria
964,pria
965,pria
966,pria
967,pria
968,pria
969,pria
970,pria
971,pria
972,wanita
973,pria
974,pria
975,pria
976,pria
977,pria
978,pria
979,wanita
980,wanita
981,pria
982,pria
983,pria
984,pria
985,pria
986,pria
987,pria
988,pria
989,pria
990,pria
991,pria
992,pria
993,wanita
994,pria
995,pria
996,wanita
997,wanita
998,pria
999,wanita
1000,wanita
1001,wanita
1002,wanita
1003,pria
1004,pria
1005,wanita
1006,wanita
1007,pria
1008,pria
1009,pria
1010,pria
1011,pria
1012,pria
1013,wanita
1014,pria
1015,wanita
1016,pria
1017,wanita
1018,wanita
1019,wanita
1020,pria
1021,wanita
1022,wanita
1023,pria
1024,pria
1025,pria
1026,pria
1027,wanita
1028,pria
1029,pria
1030,pria
1031,pria
1032,pria
1033,pria
1034,pria
1035,pria
1036,pria
1037,pria
1038,pria
1039,pria
1040,pria
1041,pria
1042,pria
1043,pria
1044,pria
1045,wanita
1046,pria
1047,pria
1048,wanita
1049,pria
1050,pria
1051,wanita
1052,pria
1053,wanita
1054,wanita