1,kesehatan
2,ekonomi dan bisnis
3,sains dan teknologi
4,ekonomi dan bisnis
5,ekonomi dan bisnis
6,media
7,ekonomi dan bisnis
8,-
9,ekonomi dan bisnis
10,media
11,ekonomi dan bisnis
12,pendidikan dan penelitian
13,ekonomi dan bisnis
14,sains dan teknologi
15,sains dan teknologi
16,-
17,ekonomi dan bisnis
18,ekonomi dan bisnis
19,ekonomi dan bisnis
20,ekonomi dan bisnis
21,ekonomi dan bisnis
22,-
23,ekonomi dan bisnis
24,ekonomi dan bisnis
25,ekonomi dan bisnis
26,ekonomi dan bisnis
27,ekonomi dan bisnis
28,ekonomi dan bisnis
29,ekonomi dan bisnis
30,ekonomi dan bisnis
31,kesehatan
32,seni
33,media
34,ekonomi dan bisnis
35,seni
36,hospitality & tourism
37,ekonomi dan bisnis
38,hiburan
39,ekonomi dan bisnis
40,ekonomi dan bisnis
41,ekonomi dan bisnis
42,ekonomi dan bisnis
43,ekonomi dan bisnis
44,ekonomi dan bisnis
45,ekonomi dan bisnis
46,hiburan
47,ekonomi dan bisnis
48,ekonomi dan bisnis
49,hiburan
50,hiburan
51,seni
52,sains dan teknologi
53,sains dan teknologi
54,hiburan
55,ekonomi dan bisnis
56,sains dan teknologi
57,ekonomi dan bisnis
58,ekonomi dan bisnis
59,hiburan
60,ekonomi dan bisnis
61,ekonomi dan bisnis
62,ekonomi dan bisnis
63,-
64,hiburan
65,kesehatan
66,ekonomi dan bisnis
67,ekonomi dan bisnis
68,ekonomi dan bisnis
69,ekonomi dan bisnis
70,ekonomi dan bisnis
71,sains dan teknologi
72,ekonomi dan bisnis
73,hiburan
74,hiburan
75,ekonomi dan bisnis
76,hospitality & tourism
77,ekonomi dan bisnis
78,hiburan
79,ekonomi dan bisnis
80,ekonomi dan bisnis
81,hiburan
82,ekonomi dan bisnis
83,ekonomi dan bisnis
84,-
85,hiburan
86,seni
87,ekonomi dan bisnis
88,ekonomi dan bisnis
89,ekonomi dan bisnis
90,sains dan teknologi
91,ekonomi dan bisnis
92,ekonomi dan bisnis
93,sains dan teknologi
94,ekonomi dan bisnis
95,ekonomi dan bisnis
96,ekonomi dan bisnis
97,hiburan
98,kesehatan
99,-
100,hiburan
101,seni
102,hiburan
103,ekonomi dan bisnis
104,ekonomi dan bisnis
105,-
106,ekonomi dan bisnis
107,sains dan teknologi
108,kesehatan
109,ekonomi dan bisnis
110,seni
111,ekonomi dan bisnis
112,ekonomi dan bisnis
113,ekonomi dan bisnis
114,ekonomi dan bisnis
115,olahraga
116,kesehatan
117,media
118,ekonomi dan bisnis
119,hospitality & tourism
120,ekonomi dan bisnis
121,ekonomi dan bisnis
122,seni
123,kesehatan
124,ekonomi dan bisnis
125,ekonomi dan bisnis
126,ekonomi dan bisnis
127,ekonomi dan bisnis
128,ekonomi dan bisnis
129,hiburan
130,ekonomi dan bisnis
131,ekonomi dan bisnis
132,kesehatan
133,ekonomi dan bisnis
134,seni
135,ekonomi dan bisnis
136,ekonomi dan bisnis
137,sains dan teknologi
138,ekonomi dan bisnis
139,media
140,ekonomi dan bisnis
141,ekonomi dan bisnis
142,ekonomi dan bisnis
143,ekonomi dan bisnis
144,hospitality & tourism
145,ekonomi dan bisnis
146,media
147,ekonomi dan bisnis
148,ekonomi dan bisnis
149,kesehatan
150,ekonomi dan bisnis
151,hiburan
152,ekonomi dan bisnis
153,ekonomi dan bisnis
154,ekonomi dan bisnis
155,kesehatan
156,ekonomi dan bisnis
157,ekonomi dan bisnis
158,kesehatan
159,ekonomi dan bisnis
160,hiburan
161,ekonomi dan bisnis
162,hospitality & tourism
163,ekonomi dan bisnis
164,sains dan teknologi
165,ekonomi dan bisnis
166,hiburan
167,ekonomi dan bisnis
168,seni
169,ekonomi dan bisnis
170,seni
171,hiburan
172,hiburan
173,hiburan
174,hiburan
175,hiburan
176,hiburan
177,media
178,hiburan
179,hiburan
180,kesehatan
181,hiburan
182,hiburan
183,hiburan
184,hiburan
185,-
186,hiburan
187,hospitality & tourism
188,hiburan
189,seni
190,hiburan
191,hiburan
192,hiburan
193,hiburan
194,hiburan
195,hiburan
196,hiburan
197,-
198,-
199,kesehatan
200,hiburan
201,hiburan
202,sosial kemasyarakatan
203,hiburan
204,-
205,media
206,hiburan
207,hiburan
208,media
209,hiburan
210,hiburan
211,hiburan
212,hiburan
213,seni
214,hiburan
215,hiburan
216,hiburan
217,hiburan
218,hiburan
219,hiburan
220,hiburan
221,kesehatan
222,-
223,kesehatan
224,hiburan
225,hiburan
226,seni
227,-
228,hiburan
229,hiburan
230,hiburan
231,seni
232,hiburan
233,hiburan
234,seni
235,hiburan
236,seni
237,-
238,hiburan
239,hospitality & tourism
240,seni
241,hiburan
242,hiburan
243,-
244,seni
245,hiburan
246,kesehatan
247,ekonomi dan bisnis
248,hiburan
249,hiburan
250,hiburan
251,hiburan
252,hiburan
253,-
254,hiburan
255,hiburan
256,hiburan
257,hiburan
258,hiburan
259,hiburan
260,hiburan
261,hiburan
262,hiburan
263,seni
264,hiburan
265,hiburan
266,hiburan
267,hiburan
268,hiburan
269,hiburan
270,hiburan
271,hiburan
272,hiburan
273,hiburan
274,kesehatan
275,hiburan
276,hiburan
277,-
278,seni
279,hiburan
280,seni
281,seni
282,hiburan
283,kesehatan
284,seni
285,kesehatan
286,seni
287,seni
288,seni
289,hiburan
290,hiburan
291,seni
292,seni
293,kesehatan
294,kesehatan
295,kesehatan
296,seni
297,kesehatan
298,hospitality & tourism
299,kesehatan
300,kesehatan
301,seni
302,seni
303,seni
304,hospitality & tourism
305,media
306,seni
307,kesehatan
308,olahraga
309,kesehatan
310,seni
311,seni
312,seni
313,kesehatan
314,hospitality & tourism
315,hospitality & tourism
316,seni
317,seni
318,seni
319,seni
320,-
321,kesehatan
322,seni
323,seni
324,kesehatan
325,seni
326,seni
327,seni
328,seni
329,seni
330,hospitality & tourism
331,-
332,-
333,kesehatan
334,seni
335,seni
336,kesehatan
337,hospitality & tourism
338,olahraga
339,-
340,media
341,media
342,hospitality & tourism
343,seni
344,seni
345,media
346,seni
347,-
348,seni
349,-
350,seni
351,hospitality & tourism
352,seni
353,-
354,hospitality & tourism
355,-
356,-
357,hiburan
358,seni
359,seni
360,media
361,kesehatan
362,hospitality & tourism
363,kesehatan
364,pendidikan dan penelitian
365,pendidikan dan penelitian
366,pendidikan dan penelitian
367,pendidikan dan penelitian
368,kesehatan
369,hospitality & tourism
370,pendidikan dan penelitian
371,pendidikan dan penelitian
372,pendidikan dan penelitian
373,pendidikan dan penelitian
374,pendidikan dan penelitian
375,kesehatan
376,kesehatan
377,pendidikan dan penelitian
378,kesehatan
379,pendidikan dan penelitian
380,pendidikan dan penelitian
381,hospitality & tourism
382,seni
383,kesehatan
384,pendidikan dan penelitian
385,pendidikan dan penelitian
386,pendidikan dan penelitian
387,pendidikan dan penelitian
388,-
389,seni
390,pendidikan dan penelitian
391,-
392,olahraga
393,pendidikan dan penelitian
394,pendidikan dan penelitian
395,-
396,pendidikan dan penelitian
397,pendidikan dan penelitian
398,pendidikan dan penelitian
399,pendidikan dan penelitian
400,pendidikan dan penelitian
401,pendidikan dan penelitian
402,pendidikan dan penelitian
403,pendidikan dan penelitian
404,pendidikan dan penelitian
405,pendidikan dan penelitian
406,pendidikan dan penelitian
407,seni
408,pendidikan dan penelitian
409,-
410,kesehatan
411,kesehatan
412,pendidikan dan penelitian
413,media
414,pendidikan dan penelitian
415,pendidikan dan penelitian
416,pendidikan dan penelitian
417,pendidikan dan penelitian
418,pendidikan dan penelitian
419,pendidikan dan penelitian
420,pendidikan dan penelitian
421,pendidikan dan penelitian
422,pendidikan dan penelitian
423,pendidikan dan penelitian
424,pendidikan dan penelitian
425,seni
426,seni
427,pendidikan dan penelitian
428,pendidikan dan penelitian
429,hospitality & tourism
430,pendidikan dan penelitian
431,seni
432,pendidikan dan penelitian
433,kesehatan
434,pendidikan dan penelitian
435,pendidikan dan penelitian
436,pendidikan dan penelitian
437,seni
438,pendidikan dan penelitian
439,seni
440,seni
441,pendidikan dan penelitian
442,pendidikan dan penelitian
443,kesehatan
444,seni
445,seni
446,pendidikan dan penelitian
447,seni
448,pendidikan dan penelitian
449,pendidikan dan penelitian
450,pendidikan dan penelitian
451,pendidikan dan penelitian
452,pendidikan dan penelitian
453,pendidikan dan penelitian
454,pendidikan dan penelitian
455,kesehatan
456,pendidikan dan penelitian
457,pendidikan dan penelitian
458,pendidikan dan penelitian
459,pendidikan dan penelitian
460,pendidikan dan penelitian
461,pendidikan dan penelitian
462,pendidikan dan penelitian
463,pendidikan dan penelitian
464,pendidikan dan penelitian
465,pendidikan dan penelitian
466,seni
467,pendidikan dan penelitian
468,pendidikan dan penelitian
469,pendidikan dan penelitian
470,pendidikan dan penelitian
471,pendidikan dan penelitian
472,seni
473,pendidikan dan penelitian
474,pendidikan dan penelitian
475,pendidikan dan penelitian
476,pendidikan dan penelitian
477,pendidikan dan penelitian
478,pendidikan dan penelitian
479,pendidikan dan penelitian
480,pendidikan dan penelitian
481,-
482,pendidikan dan penelitian
483,kesehatan
484,pendidikan dan penelitian
485,pendidikan dan penelitian
486,olahraga
487,media
488,pendidikan dan penelitian
489,pendidikan dan penelitian
490,pendidikan dan penelitian
491,pendidikan dan penelitian
492,pendidikan dan penelitian
493,pendidikan dan penelitian
494,pendidikan dan penelitian
495,pendidikan dan penelitian
496,pendidikan dan penelitian
497,pendidikan dan penelitian
498,pendidikan dan penelitian
499,pendidikan dan penelitian
500,hospitality & tourism
501,-
502,seni
503,kesehatan
504,sains dan teknologi
505,sains dan teknologi
506,sains dan teknologi
507,sains dan teknologi
508,sains dan teknologi
509,sains dan teknologi
510,sains dan teknologi
511,kesehatan
512,sains dan teknologi
513,sains dan teknologi
514,sains dan teknologi
515,sains dan teknologi
516,sains dan teknologi
517,sains dan teknologi
518,sains dan teknologi
519,sains dan teknologi
520,sains dan teknologi
521,sains dan teknologi
522,sains dan teknologi
523,sains dan teknologi
524,sains dan teknologi
525,sains dan teknologi
526,sains dan teknologi
527,seni
528,sains dan teknologi
529,sains dan teknologi
530,sains dan teknologi
531,olahraga
532,sains dan teknologi
533,sains dan teknologi
534,sains dan teknologi
535,sains dan teknologi
536,sains dan teknologi
537,sains dan teknologi
538,sains dan teknologi
539,sains dan teknologi
540,sains dan teknologi
541,sains dan teknologi
542,sains dan teknologi
543,sains dan teknologi
544,sains dan teknologi
545,sains dan teknologi
546,sains dan teknologi
547,sains dan teknologi
548,sains dan teknologi
549,sains dan teknologi
550,sains dan teknologi
551,sains dan teknologi
552,sains dan teknologi
553,sains dan teknologi
554,seni
555,sains dan teknologi
556,sains dan teknologi
557,sains dan teknologi
558,sains dan teknologi
559,sains dan teknologi
560,sains dan teknologi
561,sains dan teknologi
562,sains dan teknologi
563,sains dan teknologi
564,sains dan teknologi
565,sains dan teknologi
566,kesehatan
567,sains dan teknologi
568,sains dan teknologi
569,sains dan teknologi
570,sains dan teknologi
571,sains dan teknologi
572,sains dan teknologi
573,-
574,sains dan teknologi
575,sains dan teknologi
576,sains dan teknologi
577,sains dan teknologi
578,sains dan teknologi
579,sains dan teknologi
580,hospitality & tourism
581,sains dan teknologi
582,sains dan teknologi
583,sains dan teknologi
584,sains dan teknologi
585,sains dan teknologi
586,sains dan teknologi
587,sains dan teknologi
588,sains dan teknologi
589,sains dan teknologi
590,sains dan teknologi
591,sains dan teknologi
592,sains dan teknologi
593,sains dan teknologi
594,sains dan teknologi
595,sains dan teknologi
596,sains dan teknologi
597,sains dan teknologi
598,sains dan teknologi
599,seni
600,kesehatan
601,media
602,kesehatan
603,kesehatan
604,-
605,-
606,seni
607,hospitality & tourism
608,kesehatan
609,kesehatan
610,sosial kemasyarakatan
611,sosial kemasyarakatan
612,seni
613,seni
614,sosial kemasyarakatan
615,-
616,sosial kemasyarakatan
617,sosial kemasyarakatan
618,sosial kemasyarakatan
619,sosial kemasyarakatan
620,sosial kemasyarakatan
621,sosial kemasyarakatan
622,sosial kemasyarakatan
623,hospitality & tourism
624,sosial kemasyarakatan
625,sosial kemasyarakatan
626,sosial kemasyarakatan
627,sosial kemasyarakatan
628,sosial kemasyarakatan
629,sosial kemasyarakatan
630,sosial kemasyarakatan
631,sosial kemasyarakatan
632,sosial kemasyarakatan
633,sosial kemasyarakatan
634,sosial kemasyarakatan
635,sosial kemasyarakatan
636,sosial kemasyarakatan
637,seni
638,seni
639,sosial kemasyarakatan
640,-
641,sosial kemasyarakatan
642,sosial kemasyarakatan
643,sosial kemasyarakatan
644,sosial kemasyarakatan
645,kesehatan
646,sosial kemasyarakatan
647,sosial kemasyarakatan
648,sosial kemasyarakatan
649,sosial kemasyarakatan
650,sosial kemasyarakatan
651,sosial kemasyarakatan
652,sosial kemasyarakatan
653,sosial kemasyarakatan
654,sosial kemasyarakatan
655,sosial kemasyarakatan
656,sosial kemasyarakatan
657,media
658,sosial kemasyarakatan
659,sosial kemasyarakatan
660,sosial kemasyarakatan
661,sosial kemasyarakatan
662,sosial kemasyarakatan
663,kesehatan
664,sosial kemasyarakatan
665,sosial kemasyarakatan
666,sosial kemasyarakatan
667,sosial kemasyarakatan
668,sosial kemasyarakatan
669,sosial kemasyarakatan
670,sosial kemasyarakatan
671,kesehatan
672,-
673,sosial kemasyarakatan
674,sosial kemasyarakatan
675,sosial kemasyarakatan
676,sosial kemasyarakatan
677,sosial kemasyarakatan
678,sosial kemasyarakatan
679,sosial kemasyarakatan
680,sosial kemasyarakatan
681,sosial kemasyarakatan
682,sosial kemasyarakatan
683,sosial kemasyarakatan
684,sosial kemasyarakatan
685,sosial kemasyarakatan
686,sosial kemasyarakatan
687,sosial kemasyarakatan
688,sosial kemasyarakatan
689,sosial kemasyarakatan
690,sosial kemasyarakatan
691,sosial kemasyarakatan
692,sosial kemasyarakatan
693,sosial kemasyarakatan
694,sosial kemasyarakatan
695,sosial kemasyarakatan
696,sosial kemasyarakatan
697,sosial kemasyarakatan
698,sosial kemasyarakatan
699,sosial kemasyarakatan
700,sosial kemasyarakatan
701,sosial kemasyarakatan
702,sosial kemasyarakatan
703,sosial kemasyarakatan
704,sosial kemasyarakatan
705,sosial kemasyarakatan
706,sosial kemasyarakatan
707,sosial kemasyarakatan
708,sosial kemasyarakatan
709,sosial kemasyarakatan
710,olahraga
711,sosial kemasyarakatan
712,sosial kemasyarakatan
713,sosial kemasyarakatan
714,seni
715,sosial kemasyarakatan
716,olahraga
717,media
718,kesehatan
719,sosial kemasyarakatan
720,kesehatan
721,sosial kemasyarakatan
722,sosial kemasyarakatan
723,sosial kemasyarakatan
724,sosial kemasyarakatan
725,kesehatan
726,sosial kemasyarakatan
727,sosial kemasyarakatan
728,seni
729,kesehatan
730,kesehatan
731,seni
732,media
733,kesehatan
734,kesehatan
735,kesehatan
736,seni
737,seni
738,hospitality & tourism
739,media
740,-
741,media
742,hospitality & tourism
743,seni
744,seni
745,seni
746,kesehatan
747,seni
748,-
749,seni
750,seni
751,seni
752,seni
753,-
754,seni
755,-
756,seni
757,kesehatan
758,seni
759,seni
760,seni
761,kesehatan
762,seni
763,kesehatan
764,kesehatan
765,kesehatan
766,seni
767,-
768,-
769,-
770,-
771,olahraga
772,olahraga
773,olahraga
774,olahraga
775,olahraga
776,olahraga
777,olahraga
778,olahraga
779,olahraga
780,hospitality & tourism
781,hospitality & tourism
782,hospitality & tourism
783,hospitality & tourism
784,hospitality & tourism
785,hospitality & tourism
786,hospitality & tourism
787,hospitality & tourism
788,hospitality & tourism
789,hospitality & tourism
790,hospitality & tourism
791,hospitality & tourism
792,hospitality & tourism
793,hospitality & tourism
794,hospitality & tourism
795,hospitality & tourism
796,hospitality & tourism
797,hospitality & tourism
798,hospitality & tourism
799,hospitality & tourism
800,hospitality & tourism
801,hospitality & tourism
802,hospitality & tourism
803,hospitality & tourism
804,hospitality & tourism
805,hospitality & tourism
806,hospitality & tourism
807,hospitality & tourism
808,hospitality & tourism
809,hospitality & tourism
810,hospitality & tourism
811,hospitality & tourism
812,hospitality & tourism
813,hospitality & tourism
814,hospitality & tourism
815,hospitality & tourism
816,hospitality & tourism
817,hospitality & tourism
818,hospitality & tourism
819,hospitality & tourism
820,hospitality & tourism
821,hospitality & tourism
822,hospitality & tourism
823,hospitality & tourism
824,media
825,media
826,media
827,media
828,media
829,media
830,media
831,media
832,media
833,media
834,media
835,media
836,media
837,media
838,media
839,media
840,media
841,media
842,media
843,media
844,media
845,media
846,media
847,media
848,media
849,media
850,media
851,media
852,media
853,media
854,media
855,media
856,media
857,media
858,media
859,media
860,media
861,media
862,media
863,media
864,media
865,media
866,media
867,media
868,media
869,media
870,media
871,media
872,media
873,media
874,media
875,media
876,media
877,media
878,olahraga
879,media
880,olahraga
881,olahraga
882,olahraga
883,olahraga
884,olahraga
885,ekonomi dan bisnis
886,hiburan
887,olahraga
888,media
889,olahraga
890,olahraga
891,media
892,media
893,media
894,media
895,media
896,media
897,media
898,media
899,media
900,media
901,media
902,media
903,media
904,media
905,media
906,media
907,media
908,media
909,media
910,media
911,media
912,media
913,-
914,-
915,-
916,-
917,-
918,-
919,-
920,-
921,hospitality & tourism
922,hospitality & tourism
923,hospitality & tourism
924,hospitality & tourism
925,hospitality & tourism
926,hospitality & tourism
927,hospitality & tourism
928,hospitality & tourism
929,hospitality & tourism
930,hospitality & tourism
931,hospitality & tourism
932,hospitality & tourism
933,hospitality & tourism
934,hospitality & tourism
935,hospitality & tourism
936,hospitality & tourism
937,hospitality & tourism
938,hospitality & tourism
939,hospitality & tourism
940,hospitality & tourism
941,hospitality & tourism
942,hospitality & tourism
943,hospitality & tourism
944,hospitality & tourism
945,hospitality & tourism
946,hospitality & tourism
947,hospitality & tourism
948,hospitality & tourism
949,hospitality & tourism
950,hospitality & tourism
951,kesehatan
952,kesehatan
953,kesehatan
954,kesehatan
955,kesehatan
956,kesehatan
957,kesehatan
958,kesehatan
959,kesehatan
960,kesehatan
961,kesehatan
962,kesehatan
963,kesehatan
964,kesehatan
965,kesehatan
966,kesehatan
967,kesehatan
968,kesehatan
969,kesehatan
970,kesehatan
971,kesehatan
972,kesehatan
973,kesehatan
974,kesehatan
975,kesehatan
976,kesehatan
977,kesehatan
978,kesehatan
979,kesehatan
980,kesehatan
981,olahraga
982,olahraga
983,olahraga
984,olahraga
985,olahraga
986,olahraga
987,olahraga
988,olahraga
989,olahraga
990,olahraga
991,olahraga
992,olahraga
993,olahraga
994,olahraga
995,olahraga
996,olahraga
997,olahraga
998,olahraga
999,olahraga
1000,olahraga
1001,olahraga
1002,olahraga
1003,olahraga
1004,olahraga
1005,olahraga
1006,olahraga
1007,olahraga
1008,olahraga
1009,olahraga
1010,olahraga
1011,olahraga
1012,olahraga
1013,olahraga
1014,olahraga
1015,olahraga
1016,olahraga
1017,olahraga
1018,olahraga
1019,olahraga
1020,olahraga
1021,olahraga
1022,olahraga
1023,olahraga
1024,olahraga
1025,olahraga
1026,olahraga
1027,olahraga
1028,olahraga
1029,olahraga
1030,olahraga
1031,olahraga
1032,olahraga
1033,olahraga
1034,olahraga
1035,olahraga
1036,olahraga
1037,olahraga
1038,olahraga
1039,olahraga
1040,olahraga
1041,olahraga
1042,olahraga
1043,olahraga
1044,olahraga
1045,olahraga
1046,olahraga
1047,olahraga
1048,olahraga
1049,olahraga
1050,olahraga
1051,olahraga
1052,olahraga
1053,olahraga
1054,olahraga