1,sains dan teknologi
2,hiburan
3,sains dan teknologi
4,olahraga
5,olahraga
6,sains dan teknologi
7,sosial kemasyarakatan
8,sains dan teknologi
9,sains dan teknologi
10,media
11,pendidikan dan penelitian
12,pendidikan dan penelitian
13,hiburan
14,sains dan teknologi
15,hiburan
16,sains dan teknologi
17,hiburan
18,ekonomi dan bisnis
19,sains dan teknologi
20,ekonomi dan bisnis
21,sains dan teknologi
22,hiburan
23,pendidikan dan penelitian
24,pendidikan dan penelitian
25,hiburan
26,sosial kemasyarakatan
27,sosial kemasyarakatan
28,pendidikan dan penelitian
29,hiburan
30,sosial kemasyarakatan
31,sains dan teknologi
32,hiburan
33,hiburan
34,hiburan
35,sains dan teknologi
36,sains dan teknologi
37,sains dan teknologi
38,hiburan
39,hospitality & tourism
40,sosial kemasyarakatan
41,sains dan teknologi
42,sains dan teknologi
43,sains dan teknologi
44,hiburan
45,sains dan teknologi
46,hiburan
47,sains dan teknologi
48,hiburan
49,hiburan
50,hiburan
51,seni
52,ekonomi dan bisnis
53,hiburan
54,hiburan
55,seni
56,hiburan
57,sains dan teknologi
58,media
59,hiburan
60,hiburan
61,sosial kemasyarakatan
62,sains dan teknologi
63,sains dan teknologi
64,hiburan
65,sains dan teknologi
66,sains dan teknologi
67,hiburan
68,sains dan teknologi
69,hiburan
70,sains dan teknologi
71,seni
72,hiburan
73,hiburan
74,hiburan
75,ekonomi dan bisnis
76,sains dan teknologi
77,hiburan
78,sains dan teknologi
79,pendidikan dan penelitian
80,sains dan teknologi
81,hiburan
82,sains dan teknologi
83,sains dan teknologi
84,sosial kemasyarakatan
85,hiburan
86,sains dan teknologi
87,sains dan teknologi
88,hiburan
89,hiburan
90,sains dan teknologi
91,sains dan teknologi
92,pendidikan dan penelitian
93,sains dan teknologi
94,sains dan teknologi
95,sains dan teknologi
96,sains dan teknologi
97,kesehatan
98,sains dan teknologi
99,olahraga
100,hiburan
101,hospitality & tourism
102,sains dan teknologi
103,pendidikan dan penelitian
104,sains dan teknologi
105,olahraga
106,sains dan teknologi
107,sains dan teknologi
108,sains dan teknologi
109,sains dan teknologi
110,pendidikan dan penelitian
111,sains dan teknologi
112,sains dan teknologi
113,hiburan
114,sains dan teknologi
115,hiburan
116,kesehatan
117,hiburan
118,sains dan teknologi
119,hiburan
120,sains dan teknologi
121,sains dan teknologi
122,sains dan teknologi
123,sains dan teknologi
124,hiburan
125,ekonomi dan bisnis
126,hiburan
127,sains dan teknologi
128,hiburan
129,hiburan
130,sains dan teknologi
131,sains dan teknologi
132,sains dan teknologi
133,sains dan teknologi
134,sains dan teknologi
135,sains dan teknologi
136,pendidikan dan penelitian
137,sains dan teknologi
138,sains dan teknologi
139,hiburan
140,sains dan teknologi
141,sains dan teknologi
142,sains dan teknologi
143,hiburan
144,media
145,olahraga
146,hiburan
147,hiburan
148,pendidikan dan penelitian
149,kesehatan
150,sains dan teknologi
151,sains dan teknologi
152,sains dan teknologi
153,hiburan
154,sains dan teknologi
155,hiburan
156,sains dan teknologi
157,hiburan
158,hiburan
159,sains dan teknologi
160,hiburan
161,pendidikan dan penelitian
162,sains dan teknologi
163,ekonomi dan bisnis
164,sosial kemasyarakatan
165,sains dan teknologi
166,hiburan
167,hiburan
168,sains dan teknologi
169,pendidikan dan penelitian
170,hiburan
171,hiburan
172,sains dan teknologi
173,hiburan
174,hiburan
175,hiburan
176,media
177,media
178,hiburan
179,hiburan
180,sains dan teknologi
181,sains dan teknologi
182,sains dan teknologi
183,hiburan
184,hiburan
185,sains dan teknologi
186,sains dan teknologi
187,sains dan teknologi
188,hiburan
189,hospitality & tourism
190,hiburan
191,hiburan
192,hiburan
193,hiburan
194,hiburan
195,sains dan teknologi
196,sains dan teknologi
197,sains dan teknologi
198,hiburan
199,sains dan teknologi
200,sains dan teknologi
201,sains dan teknologi
202,sosial kemasyarakatan
203,hiburan
204,sains dan teknologi
205,media
206,hiburan
207,hiburan
208,hospitality & tourism
209,hiburan
210,hiburan
211,hiburan
212,hiburan
213,sains dan teknologi
214,hiburan
215,hiburan
216,hiburan
217,hiburan
218,hiburan
219,hiburan
220,hiburan
221,sains dan teknologi
222,sains dan teknologi
223,sains dan teknologi
224,hiburan
225,hiburan
226,hiburan
227,sains dan teknologi
228,hiburan
229,sains dan teknologi
230,hiburan
231,media
232,media
233,hiburan
234,sains dan teknologi
235,ekonomi dan bisnis
236,hiburan
237,sains dan teknologi
238,hiburan
239,sains dan teknologi
240,seni
241,hiburan
242,hiburan
243,ekonomi dan bisnis
244,sains dan teknologi
245,hiburan
246,hiburan
247,sains dan teknologi
248,ekonomi dan bisnis
249,hiburan
250,hiburan
251,hiburan
252,hiburan
253,hiburan
254,sains dan teknologi
255,sains dan teknologi
256,sosial kemasyarakatan
257,hiburan
258,hiburan
259,hiburan
260,hiburan
261,hiburan
262,hiburan
263,media
264,hiburan
265,hiburan
266,hiburan
267,hiburan
268,hiburan
269,sains dan teknologi
270,olahraga
271,hiburan
272,seni
273,hiburan
274,hiburan
275,hiburan
276,hiburan
277,sains dan teknologi
278,hiburan
279,hiburan
280,sains dan teknologi
281,sosial kemasyarakatan
282,hiburan
283,pendidikan dan penelitian
284,hiburan
285,kesehatan
286,hiburan
287,sains dan teknologi
288,sains dan teknologi
289,hiburan
290,hiburan
291,hiburan
292,hiburan
293,kesehatan
294,sains dan teknologi
295,sains dan teknologi
296,sains dan teknologi
297,sains dan teknologi
298,hiburan
299,pendidikan dan penelitian
300,pendidikan dan penelitian
301,media
302,hiburan
303,sosial kemasyarakatan
304,sains dan teknologi
305,hiburan
306,ekonomi dan bisnis
307,kesehatan
308,sains dan teknologi
309,pendidikan dan penelitian
310,sains dan teknologi
311,sains dan teknologi
312,sains dan teknologi
313,hiburan
314,hiburan
315,sosial kemasyarakatan
316,hiburan
317,sains dan teknologi
318,hiburan
319,sains dan teknologi
320,sains dan teknologi
321,hiburan
322,hiburan
323,sains dan teknologi
324,sains dan teknologi
325,sains dan teknologi
326,sains dan teknologi
327,seni
328,hiburan
329,sains dan teknologi
330,hospitality & tourism
331,sosial kemasyarakatan
332,olahraga
333,hiburan
334,hiburan
335,hiburan
336,pendidikan dan penelitian
337,sains dan teknologi
338,hiburan
339,sosial kemasyarakatan
340,media
341,media
342,sains dan teknologi
343,pendidikan dan penelitian
344,sains dan teknologi
345,hiburan
346,hiburan
347,olahraga
348,sains dan teknologi
349,sosial kemasyarakatan
350,hiburan
351,sains dan teknologi
352,sains dan teknologi
353,hiburan
354,sains dan teknologi
355,olahraga
356,sains dan teknologi
357,hiburan
358,hiburan
359,seni
360,sains dan teknologi
361,hiburan
362,hiburan
363,sains dan teknologi
364,sains dan teknologi
365,pendidikan dan penelitian
366,sains dan teknologi
367,sains dan teknologi
368,sains dan teknologi
369,sains dan teknologi
370,hiburan
371,ekonomi dan bisnis
372,sains dan teknologi
373,sains dan teknologi
374,hiburan
375,kesehatan
376,kesehatan
377,hiburan
378,sains dan teknologi
379,sains dan teknologi
380,sains dan teknologi
381,sains dan teknologi
382,sains dan teknologi
383,pendidikan dan penelitian
384,hiburan
385,hiburan
386,sains dan teknologi
387,sains dan teknologi
388,sains dan teknologi
389,hiburan
390,sains dan teknologi
391,hiburan
392,hiburan
393,hiburan
394,hiburan
395,sains dan teknologi
396,sains dan teknologi
397,sains dan teknologi
398,hiburan
399,sains dan teknologi
400,hiburan
401,sains dan teknologi
402,sains dan teknologi
403,sosial kemasyarakatan
404,hiburan
405,sains dan teknologi
406,pendidikan dan penelitian
407,sains dan teknologi
408,hiburan
409,sains dan teknologi
410,hospitality & tourism
411,kesehatan
412,sains dan teknologi
413,media
414,ekonomi dan bisnis
415,hiburan
416,sains dan teknologi
417,ekonomi dan bisnis
418,sains dan teknologi
419,sains dan teknologi
420,sains dan teknologi
421,sains dan teknologi
422,sains dan teknologi
423,seni
424,sains dan teknologi
425,hiburan
426,hiburan
427,sains dan teknologi
428,sains dan teknologi
429,sains dan teknologi
430,sains dan teknologi
431,hiburan
432,hiburan
433,kesehatan
434,sains dan teknologi
435,hiburan
436,sains dan teknologi
437,sains dan teknologi
438,ekonomi dan bisnis
439,hiburan
440,hiburan
441,hiburan
442,sains dan teknologi
443,hiburan
444,sains dan teknologi
445,sains dan teknologi
446,hiburan
447,pendidikan dan penelitian
448,sains dan teknologi
449,hiburan
450,hiburan
451,sains dan teknologi
452,sains dan teknologi
453,sains dan teknologi
454,sains dan teknologi
455,sains dan teknologi
456,hiburan
457,sains dan teknologi
458,sains dan teknologi
459,sains dan teknologi
460,hiburan
461,sains dan teknologi
462,sains dan teknologi
463,pendidikan dan penelitian
464,sains dan teknologi
465,hiburan
466,hiburan
467,hiburan
468,sains dan teknologi
469,sains dan teknologi
470,sains dan teknologi
471,sains dan teknologi
472,sains dan teknologi
473,sains dan teknologi
474,sains dan teknologi
475,sains dan teknologi
476,sains dan teknologi
477,hiburan
478,sains dan teknologi
479,hiburan
480,sains dan teknologi
481,sains dan teknologi
482,pendidikan dan penelitian
483,hiburan
484,sains dan teknologi
485,sains dan teknologi
486,sains dan teknologi
487,hiburan
488,hiburan
489,hiburan
490,sains dan teknologi
491,hiburan
492,hiburan
493,sains dan teknologi
494,hiburan
495,sains dan teknologi
496,sains dan teknologi
497,hiburan
498,sains dan teknologi
499,sains dan teknologi
500,sains dan teknologi
501,sains dan teknologi
502,hiburan
503,hiburan
504,sains dan teknologi
505,sains dan teknologi
506,sains dan teknologi
507,hiburan
508,sains dan teknologi
509,hiburan
510,sains dan teknologi
511,hiburan
512,hiburan
513,hiburan
514,sains dan teknologi
515,sains dan teknologi
516,hiburan
517,sains dan teknologi
518,sains dan teknologi
519,hiburan
520,hiburan
521,sains dan teknologi
522,sains dan teknologi
523,hiburan
524,sains dan teknologi
525,sains dan teknologi
526,pendidikan dan penelitian
527,seni
528,hiburan
529,sains dan teknologi
530,hiburan
531,sains dan teknologi
532,hiburan
533,sains dan teknologi
534,hiburan
535,sains dan teknologi
536,hiburan
537,sains dan teknologi
538,hiburan
539,hiburan
540,pendidikan dan penelitian
541,sains dan teknologi
542,sains dan teknologi
543,pendidikan dan penelitian
544,sains dan teknologi
545,hiburan
546,ekonomi dan bisnis
547,hiburan
548,sains dan teknologi
549,sains dan teknologi
550,hiburan
551,sains dan teknologi
552,sains dan teknologi
553,sains dan teknologi
554,sains dan teknologi
555,hiburan
556,pendidikan dan penelitian
557,hiburan
558,sains dan teknologi
559,sains dan teknologi
560,sains dan teknologi
561,hiburan
562,sains dan teknologi
563,hiburan
564,hiburan
565,sains dan teknologi
566,sains dan teknologi
567,hiburan
568,sains dan teknologi
569,hiburan
570,pendidikan dan penelitian
571,hiburan
572,hiburan
573,sains dan teknologi
574,sains dan teknologi
575,pendidikan dan penelitian
576,sains dan teknologi
577,sains dan teknologi
578,sains dan teknologi
579,hiburan
580,hiburan
581,hiburan
582,hiburan
583,hiburan
584,sains dan teknologi
585,sains dan teknologi
586,sains dan teknologi
587,olahraga
588,sains dan teknologi
589,sains dan teknologi
590,hiburan
591,hiburan
592,hiburan
593,hiburan
594,sains dan teknologi
595,seni
596,sains dan teknologi
597,sains dan teknologi
598,sains dan teknologi
599,sains dan teknologi
600,kesehatan
601,pendidikan dan penelitian
602,sains dan teknologi
603,kesehatan
604,olahraga
605,hiburan
606,sains dan teknologi
607,sains dan teknologi
608,pendidikan dan penelitian
609,kesehatan
610,sains dan teknologi
611,sosial kemasyarakatan
612,hiburan
613,ekonomi dan bisnis
614,sains dan teknologi
615,hiburan
616,sains dan teknologi
617,sosial kemasyarakatan
618,sains dan teknologi
619,sains dan teknologi
620,sains dan teknologi
621,sains dan teknologi
622,sains dan teknologi
623,sains dan teknologi
624,sosial kemasyarakatan
625,sains dan teknologi
626,sains dan teknologi
627,sains dan teknologi
628,sosial kemasyarakatan
629,sosial kemasyarakatan
630,sains dan teknologi
631,sosial kemasyarakatan
632,sosial kemasyarakatan
633,sosial kemasyarakatan
634,sosial kemasyarakatan
635,sains dan teknologi
636,sains dan teknologi
637,pendidikan dan penelitian
638,sosial kemasyarakatan
639,sains dan teknologi
640,sains dan teknologi
641,sosial kemasyarakatan
642,sosial kemasyarakatan
643,sosial kemasyarakatan
644,sosial kemasyarakatan
645,sains dan teknologi
646,sosial kemasyarakatan
647,sains dan teknologi
648,sosial kemasyarakatan
649,sosial kemasyarakatan
650,sosial kemasyarakatan
651,sosial kemasyarakatan
652,sains dan teknologi
653,sosial kemasyarakatan
654,sosial kemasyarakatan
655,sosial kemasyarakatan
656,sosial kemasyarakatan
657,sains dan teknologi
658,sains dan teknologi
659,sains dan teknologi
660,sosial kemasyarakatan
661,sosial kemasyarakatan
662,sains dan teknologi
663,hiburan
664,sains dan teknologi
665,sosial kemasyarakatan
666,sosial kemasyarakatan
667,hiburan
668,sosial kemasyarakatan
669,sosial kemasyarakatan
670,hiburan
671,pendidikan dan penelitian
672,olahraga
673,sains dan teknologi
674,sosial kemasyarakatan
675,sosial kemasyarakatan
676,sains dan teknologi
677,sains dan teknologi
678,sains dan teknologi
679,sains dan teknologi
680,hiburan
681,ekonomi dan bisnis
682,sosial kemasyarakatan
683,sosial kemasyarakatan
684,hiburan
685,pendidikan dan penelitian
686,sains dan teknologi
687,sains dan teknologi
688,sosial kemasyarakatan
689,sosial kemasyarakatan
690,hiburan
691,sosial kemasyarakatan
692,sosial kemasyarakatan
693,sosial kemasyarakatan
694,pendidikan dan penelitian
695,sosial kemasyarakatan
696,sosial kemasyarakatan
697,ekonomi dan bisnis
698,sosial kemasyarakatan
699,sosial kemasyarakatan
700,olahraga
701,hiburan
702,sains dan teknologi
703,sains dan teknologi
704,sains dan teknologi
705,sains dan teknologi
706,pendidikan dan penelitian
707,sosial kemasyarakatan
708,sosial kemasyarakatan
709,hiburan
710,olahraga
711,sains dan teknologi
712,hiburan
713,sains dan teknologi
714,hiburan
715,sains dan teknologi
716,sains dan teknologi
717,sains dan teknologi
718,hospitality & tourism
719,sosial kemasyarakatan
720,sains dan teknologi
721,sains dan teknologi
722,hiburan
723,pendidikan dan penelitian
724,sosial kemasyarakatan
725,sosial kemasyarakatan
726,sains dan teknologi
727,sosial kemasyarakatan
728,hiburan
729,pendidikan dan penelitian
730,hiburan
731,hospitality & tourism
732,media
733,ekonomi dan bisnis
734,hiburan
735,sosial kemasyarakatan
736,sains dan teknologi
737,sains dan teknologi
738,sains dan teknologi
739,hiburan
740,hospitality & tourism
741,sains dan teknologi
742,hiburan
743,seni
744,hiburan
745,hiburan
746,pendidikan dan penelitian
747,sains dan teknologi
748,olahraga
749,hiburan
750,hiburan
751,hiburan
752,sains dan teknologi
753,sains dan teknologi
754,hiburan
755,sains dan teknologi
756,hiburan
757,sains dan teknologi
758,sains dan teknologi
759,seni
760,sains dan teknologi
761,pendidikan dan penelitian
762,sains dan teknologi
763,sains dan teknologi
764,kesehatan
765,hiburan
766,sains dan teknologi
767,olahraga
768,olahraga
769,olahraga
770,hiburan
771,hiburan
772,hiburan
773,sains dan teknologi
774,sains dan teknologi
775,olahraga
776,sains dan teknologi
777,sains dan teknologi
778,sosial kemasyarakatan
779,hiburan
780,sains dan teknologi
781,sains dan teknologi
782,hiburan
783,hiburan
784,hiburan
785,hiburan
786,sains dan teknologi
787,hiburan
788,hiburan
789,hiburan
790,hiburan
791,hiburan
792,hospitality & tourism
793,ekonomi dan bisnis
794,hospitality & tourism
795,hospitality & tourism
796,sains dan teknologi
797,hiburan
798,sains dan teknologi
799,hospitality & tourism
800,hospitality & tourism
801,hiburan
802,hiburan
803,sains dan teknologi
804,hiburan
805,hiburan
806,olahraga
807,sains dan teknologi
808,olahraga
809,hiburan
810,hiburan
811,hospitality & tourism
812,olahraga
813,olahraga
814,sains dan teknologi
815,hospitality & tourism
816,sains dan teknologi
817,sains dan teknologi
818,seni
819,olahraga
820,hiburan
821,hiburan
822,hiburan
823,hiburan
824,sains dan teknologi
825,media
826,hiburan
827,hiburan
828,media
829,sains dan teknologi
830,media
831,media
832,media
833,media
834,media
835,media
836,hiburan
837,hiburan
838,media
839,hospitality & tourism
840,media
841,hiburan
842,media
843,media
844,sains dan teknologi
845,sains dan teknologi
846,media
847,sains dan teknologi
848,hiburan
849,media
850,media
851,sains dan teknologi
852,sains dan teknologi
853,hospitality & tourism
854,media
855,sains dan teknologi
856,sains dan teknologi
857,sains dan teknologi
858,media
859,hiburan
860,sains dan teknologi
861,sains dan teknologi
862,sains dan teknologi
863,hiburan
864,hiburan
865,hiburan
866,media
867,pendidikan dan penelitian
868,media
869,media
870,media
871,sosial kemasyarakatan
872,media
873,media
874,media
875,media
876,media
877,hiburan
878,sains dan teknologi
879,sains dan teknologi
880,sains dan teknologi
881,sains dan teknologi
882,sains dan teknologi
883,sains dan teknologi
884,sains dan teknologi
885,hiburan
886,sains dan teknologi
887,sains dan teknologi
888,media
889,sains dan teknologi
890,olahraga
891,media
892,media
893,sains dan teknologi
894,media
895,hiburan
896,media
897,media
898,media
899,media
900,media
901,media
902,sains dan teknologi
903,hiburan
904,hiburan
905,hiburan
906,media
907,media
908,sains dan teknologi
909,hospitality & tourism
910,pendidikan dan penelitian
911,media
912,media
913,media
914,hiburan
915,hiburan
916,media
917,media
918,media
919,media
920,hiburan
921,sains dan teknologi
922,sains dan teknologi
923,hiburan
924,hiburan
925,hiburan
926,sains dan teknologi
927,hospitality & tourism
928,sains dan teknologi
929,sains dan teknologi
930,sains dan teknologi
931,sains dan teknologi
932,sains dan teknologi
933,hiburan
934,hiburan
935,hiburan
936,hiburan
937,hiburan
938,hiburan
939,hiburan
940,hiburan
941,hospitality & tourism
942,hospitality & tourism
943,hiburan
944,hospitality & tourism
945,hiburan
946,hospitality & tourism
947,hiburan
948,sains dan teknologi
949,hiburan
950,hospitality & tourism
951,sosial kemasyarakatan
952,kesehatan
953,hiburan
954,sosial kemasyarakatan
955,kesehatan
956,kesehatan
957,kesehatan
958,kesehatan
959,hospitality & tourism
960,kesehatan
961,ekonomi dan bisnis
962,pendidikan dan penelitian
963,kesehatan
964,kesehatan
965,kesehatan
966,kesehatan
967,kesehatan
968,sosial kemasyarakatan
969,pendidikan dan penelitian
970,sains dan teknologi
971,kesehatan
972,sains dan teknologi
973,kesehatan
974,kesehatan
975,sosial kemasyarakatan
976,kesehatan
977,kesehatan
978,hiburan
979,kesehatan
980,hiburan
981,sains dan teknologi
982,hiburan
983,hiburan
984,sains dan teknologi
985,olahraga
986,hiburan
987,olahraga
988,olahraga
989,sains dan teknologi
990,olahraga
991,olahraga
992,sosial kemasyarakatan
993,sains dan teknologi
994,hiburan
995,sains dan teknologi
996,sains dan teknologi
997,sains dan teknologi
998,sains dan teknologi
999,sains dan teknologi
1000,sains dan teknologi
1001,hiburan
1002,olahraga
1003,sains dan teknologi
1004,sains dan teknologi
1005,hospitality & tourism
1006,sains dan teknologi
1007,olahraga
1008,olahraga
1009,sains dan teknologi
1010,sosial kemasyarakatan
1011,hiburan
1012,hiburan
1013,olahraga
1014,olahraga
1015,olahraga
1016,olahraga
1017,hiburan
1018,sains dan teknologi
1019,hiburan
1020,sains dan teknologi
1021,olahraga
1022,sains dan teknologi
1023,sains dan teknologi
1024,ekonomi dan bisnis
1025,olahraga
1026,olahraga
1027,hiburan
1028,hiburan
1029,hiburan
1030,hospitality & tourism
1031,ekonomi dan bisnis
1032,hiburan
1033,olahraga
1034,olahraga
1035,hiburan
1036,sains dan teknologi
1037,olahraga
1038,olahraga
1039,sosial kemasyarakatan
1040,sains dan teknologi
1041,sains dan teknologi
1042,hiburan
1043,hiburan
1044,sains dan teknologi
1045,olahraga
1046,olahraga
1047,sains dan teknologi
1048,sains dan teknologi
1049,sains dan teknologi
1050,hiburan
1051,hiburan
1052,olahraga
1053,sains dan teknologi
1054,hiburan
